{"version":1,"samples":[{"sampleId":800254779,"boundingBoxes":[{"label":1,"x":12,"y":25,"w":63,"h":47}]},{"sampleId":800254777,"boundingBoxes":[{"label":1,"x":22,"y":25,"w":53,"h":45}]},{"sampleId":800254775,"boundingBoxes":[{"label":1,"x":26,"y":16,"w":44,"h":60}]},{"sampleId":800254773,"boundingBoxes":[{"label":1,"x":20,"y":16,"w":71,"h":51}]},{"sampleId":800254771,"boundingBoxes":[{"label":1,"x":21,"y":15,"w":55,"h":57}]},{"sampleId":800254769,"boundingBoxes":[{"label":1,"x":5,"y":11,"w":69,"h":62}]},{"sampleId":800254767,"boundingBoxes":[{"label":1,"x":27,"y":16,"w":54,"h":65}]},{"sampleId":800254765,"boundingBoxes":[{"label":1,"x":19,"y":18,"w":59,"h":41}]},{"sampleId":800254763,"boundingBoxes":[{"label":1,"x":28,"y":27,"w":51,"h":49}]},{"sampleId":800254761,"boundingBoxes":[{"label":1,"x":0,"y":7,"w":73,"h":60}]},{"sampleId":800254759,"boundingBoxes":[{"label":1,"x":14,"y":4,"w":78,"h":72}]},{"sampleId":800254757,"boundingBoxes":[{"label":1,"x":11,"y":9,"w":72,"h":68}]},{"sampleId":800254755,"boundingBoxes":[{"label":1,"x":9,"y":14,"w":72,"h":72}]},{"sampleId":800254753,"boundingBoxes":[{"label":1,"x":4,"y":1,"w":84,"h":81}]},{"sampleId":800254751,"boundingBoxes":[{"label":1,"x":8,"y":24,"w":81,"h":53}]},{"sampleId":800254749,"boundingBoxes":[{"label":1,"x":10,"y":17,"w":51,"h":43}]},{"sampleId":800254747,"boundingBoxes":[{"label":1,"x":18,"y":15,"w":73,"h":78}]},{"sampleId":800254745,"boundingBoxes":[{"label":1,"x":17,"y":0,"w":63,"h":89}]},{"sampleId":800254743,"boundingBoxes":[{"label":1,"x":18,"y":21,"w":66,"h":54}]},{"sampleId":800254741,"boundingBoxes":[{"label":1,"x":9,"y":12,"w":70,"h":58}]},{"sampleId":800254739,"boundingBoxes":[{"label":1,"x":4,"y":20,"w":87,"h":53}]},{"sampleId":800254737,"boundingBoxes":[{"label":1,"x":18,"y":11,"w":69,"h":70}]},{"sampleId":800254735,"boundingBoxes":[{"label":1,"x":13,"y":9,"w":77,"h":79}]},{"sampleId":800254733,"boundingBoxes":[{"label":1,"x":16,"y":8,"w":52,"h":66}]},{"sampleId":800254731,"boundingBoxes":[{"label":1,"x":7,"y":18,"w":79,"h":48}]},{"sampleId":800254729,"boundingBoxes":[{"label":1,"x":22,"y":14,"w":59,"h":59}]},{"sampleId":800254727,"boundingBoxes":[{"label":1,"x":3,"y":4,"w":81,"h":75}]},{"sampleId":800254725,"boundingBoxes":[{"label":1,"x":13,"y":15,"w":65,"h":67}]},{"sampleId":800254723,"boundingBoxes":[{"label":1,"x":23,"y":17,"w":51,"h":49}]},{"sampleId":800254721,"boundingBoxes":[{"label":1,"x":15,"y":19,"w":62,"h":55}]},{"sampleId":800254719,"boundingBoxes":[{"label":1,"x":17,"y":32,"w":76,"h":47}]},{"sampleId":800254717,"boundingBoxes":[{"label":1,"x":14,"y":21,"w":52,"h":34}]},{"sampleId":800254715,"boundingBoxes":[{"label":1,"x":11,"y":14,"w":65,"h":58}]},{"sampleId":800254713,"boundingBoxes":[{"label":1,"x":21,"y":8,"w":72,"h":86}]},{"sampleId":800254711,"boundingBoxes":[{"label":1,"x":12,"y":17,"w":77,"h":71}]},{"sampleId":800254709,"boundingBoxes":[{"label":1,"x":21,"y":24,"w":62,"h":49}]},{"sampleId":800254707,"boundingBoxes":[{"label":1,"x":10,"y":3,"w":77,"h":82}]},{"sampleId":800254705,"boundingBoxes":[{"label":1,"x":12,"y":24,"w":77,"h":37}]},{"sampleId":800254703,"boundingBoxes":[{"label":1,"x":19,"y":10,"w":73,"h":80}]},{"sampleId":800254701,"boundingBoxes":[{"label":1,"x":15,"y":14,"w":72,"h":60}]},{"sampleId":800254699,"boundingBoxes":[{"label":1,"x":10,"y":20,"w":84,"h":55}]},{"sampleId":800254695,"boundingBoxes":[{"label":1,"x":13,"y":9,"w":70,"h":58}]},{"sampleId":800254693,"boundingBoxes":[{"label":1,"x":21,"y":24,"w":54,"h":45}]},{"sampleId":800254691,"boundingBoxes":[{"label":1,"x":12,"y":21,"w":80,"h":45}]},{"sampleId":800254689,"boundingBoxes":[{"label":1,"x":29,"y":22,"w":57,"h":45}]},{"sampleId":800254687,"boundingBoxes":[{"label":1,"x":6,"y":16,"w":65,"h":43}]},{"sampleId":800254685,"boundingBoxes":[{"label":1,"x":19,"y":15,"w":53,"h":54}]},{"sampleId":800254683,"boundingBoxes":[{"label":1,"x":3,"y":0,"w":87,"h":79}]},{"sampleId":800254681,"boundingBoxes":[{"label":1,"x":8,"y":25,"w":75,"h":55}]},{"sampleId":800254679,"boundingBoxes":[{"label":1,"x":12,"y":17,"w":76,"h":67}]},{"sampleId":800254677,"boundingBoxes":[{"label":1,"x":12,"y":9,"w":61,"h":63}]},{"sampleId":800254675,"boundingBoxes":[{"label":1,"x":38,"y":31,"w":50,"h":39}]},{"sampleId":800254673,"boundingBoxes":[{"label":1,"x":57,"y":51,"w":22,"h":30},{"label":1,"x":75,"y":32,"w":18,"h":23},{"label":1,"x":13,"y":42,"w":17,"h":27},{"label":1,"x":33,"y":46,"w":20,"h":28},{"label":1,"x":52,"y":26,"w":14,"h":20}]},{"sampleId":800254671,"boundingBoxes":[{"label":1,"x":16,"y":12,"w":65,"h":71}]},{"sampleId":800254669,"boundingBoxes":[{"label":1,"x":1,"y":30,"w":72,"h":48}]},{"sampleId":800254667,"boundingBoxes":[{"label":1,"x":12,"y":11,"w":66,"h":60}]},{"sampleId":800254665,"boundingBoxes":[{"label":1,"x":11,"y":14,"w":78,"h":59}]},{"sampleId":800254663,"boundingBoxes":[{"label":1,"x":29,"y":14,"w":57,"h":58}]},{"sampleId":800254661,"boundingBoxes":[{"label":1,"x":7,"y":10,"w":65,"h":67}]},{"sampleId":800254659,"boundingBoxes":[{"label":1,"x":0,"y":6,"w":89,"h":85}]},{"sampleId":800254657,"boundingBoxes":[{"label":1,"x":15,"y":22,"w":49,"h":44}]},{"sampleId":800254655,"boundingBoxes":[{"label":1,"x":7,"y":33,"w":41,"h":42},{"label":1,"x":47,"y":25,"w":38,"h":34}]},{"sampleId":800254653,"boundingBoxes":[{"label":1,"x":16,"y":0,"w":68,"h":81}]},{"sampleId":800254651,"boundingBoxes":[{"label":1,"x":20,"y":0,"w":59,"h":69}]},{"sampleId":800254649,"boundingBoxes":[{"label":1,"x":12,"y":17,"w":75,"h":69}]},{"sampleId":800254647,"boundingBoxes":[{"label":1,"x":21,"y":6,"w":71,"h":65},{"label":1,"x":22,"y":7,"w":69,"h":64}]},{"sampleId":800254645,"boundingBoxes":[{"label":1,"x":18,"y":12,"w":73,"h":78},{"label":1,"x":5,"y":2,"w":19,"h":29}]},{"sampleId":800254643,"boundingBoxes":[{"label":1,"x":2,"y":17,"w":86,"h":69}]},{"sampleId":800254641,"boundingBoxes":[{"label":1,"x":12,"y":4,"w":60,"h":78}]},{"sampleId":800254639,"boundingBoxes":[{"label":1,"x":8,"y":13,"w":83,"h":71}]},{"sampleId":800254637,"boundingBoxes":[{"label":1,"x":14,"y":13,"w":74,"h":64}]},{"sampleId":800254635,"boundingBoxes":[{"label":1,"x":28,"y":25,"w":39,"h":45}]},{"sampleId":800254633,"boundingBoxes":[{"label":1,"x":22,"y":24,"w":58,"h":49}]},{"sampleId":800254631,"boundingBoxes":[{"label":1,"x":21,"y":21,"w":60,"h":45}]},{"sampleId":800254629,"boundingBoxes":[{"label":1,"x":3,"y":23,"w":79,"h":45}]},{"sampleId":800254627,"boundingBoxes":[{"label":1,"x":5,"y":19,"w":89,"h":74}]},{"sampleId":800254625,"boundingBoxes":[{"label":1,"x":19,"y":25,"w":59,"h":50}]},{"sampleId":800254623,"boundingBoxes":[{"label":1,"x":3,"y":0,"w":75,"h":80}]},{"sampleId":800254621,"boundingBoxes":[{"label":1,"x":2,"y":18,"w":25,"h":33},{"label":1,"x":26,"y":18,"w":63,"h":61}]},{"sampleId":800254619,"boundingBoxes":[{"label":1,"x":4,"y":21,"w":83,"h":63}]},{"sampleId":800254617,"boundingBoxes":[{"label":1,"x":17,"y":17,"w":58,"h":58}]},{"sampleId":800254615,"boundingBoxes":[{"label":1,"x":9,"y":0,"w":86,"h":84}]},{"sampleId":800254613,"boundingBoxes":[{"label":1,"x":21,"y":16,"w":64,"h":58}]},{"sampleId":800254611,"boundingBoxes":[{"label":1,"x":15,"y":18,"w":78,"h":74}]},{"sampleId":800254609,"boundingBoxes":[{"label":1,"x":23,"y":18,"w":48,"h":50}]},{"sampleId":800254607,"boundingBoxes":[{"label":1,"x":22,"y":18,"w":62,"h":59}]},{"sampleId":800254605,"boundingBoxes":[{"label":1,"x":13,"y":20,"w":59,"h":50}]},{"sampleId":800254603,"boundingBoxes":[{"label":1,"x":42,"y":24,"w":29,"h":14}]},{"sampleId":800254601,"boundingBoxes":[{"label":1,"x":15,"y":19,"w":60,"h":60}]},{"sampleId":800254599,"boundingBoxes":[{"label":1,"x":12,"y":27,"w":80,"h":56}]},{"sampleId":800254597,"boundingBoxes":[{"label":1,"x":17,"y":20,"w":40,"h":57}]},{"sampleId":800254595,"boundingBoxes":[{"label":1,"x":9,"y":21,"w":72,"h":68}]},{"sampleId":800254593,"boundingBoxes":[{"label":1,"x":21,"y":26,"w":58,"h":62}]},{"sampleId":800254591,"boundingBoxes":[{"label":1,"x":34,"y":34,"w":39,"h":45}]},{"sampleId":800254589,"boundingBoxes":[{"label":1,"x":11,"y":13,"w":75,"h":63}]},{"sampleId":800254587,"boundingBoxes":[{"label":1,"x":12,"y":13,"w":76,"h":57}]},{"sampleId":800254585,"boundingBoxes":[{"label":1,"x":15,"y":21,"w":60,"h":51}]},{"sampleId":800254583,"boundingBoxes":[{"label":1,"x":9,"y":8,"w":58,"h":64}]},{"sampleId":800254581,"boundingBoxes":[{"label":1,"x":12,"y":0,"w":82,"h":91}]},{"sampleId":800254579,"boundingBoxes":[{"label":1,"x":19,"y":24,"w":62,"h":33}]},{"sampleId":800254577,"boundingBoxes":[{"label":1,"x":7,"y":23,"w":84,"h":46}]},{"sampleId":800254575,"boundingBoxes":[{"label":1,"x":15,"y":14,"w":72,"h":63}]},{"sampleId":800254573,"boundingBoxes":[{"label":1,"x":2,"y":0,"w":91,"h":83}]},{"sampleId":800254571,"boundingBoxes":[{"label":1,"x":33,"y":35,"w":48,"h":43}]},{"sampleId":800254569,"boundingBoxes":[{"label":1,"x":23,"y":21,"w":53,"h":49},{"label":1,"x":23,"y":21,"w":53,"h":49}]},{"sampleId":800254567,"boundingBoxes":[{"label":1,"x":21,"y":21,"w":61,"h":62}]},{"sampleId":800254565,"boundingBoxes":[{"label":1,"x":1,"y":4,"w":68,"h":72}]},{"sampleId":800254563,"boundingBoxes":[{"label":1,"x":17,"y":8,"w":66,"h":74}]},{"sampleId":800254561,"boundingBoxes":[{"label":1,"x":2,"y":5,"w":68,"h":78}]},{"sampleId":800254559,"boundingBoxes":[{"label":1,"x":11,"y":11,"w":78,"h":80}]},{"sampleId":800254557,"boundingBoxes":[{"label":1,"x":23,"y":27,"w":53,"h":44}]},{"sampleId":800254555,"boundingBoxes":[{"label":1,"x":23,"y":20,"w":58,"h":54}]},{"sampleId":800254553,"boundingBoxes":[{"label":1,"x":18,"y":15,"w":64,"h":48}]},{"sampleId":800254551,"boundingBoxes":[{"label":1,"x":18,"y":12,"w":59,"h":48}]},{"sampleId":800254549,"boundingBoxes":[{"label":1,"x":22,"y":19,"w":57,"h":48}]},{"sampleId":800254547,"boundingBoxes":[{"label":1,"x":22,"y":41,"w":63,"h":51},{"label":1,"x":5,"y":16,"w":26,"h":31}]},{"sampleId":800254545,"boundingBoxes":[{"label":1,"x":22,"y":2,"w":73,"h":87}]},{"sampleId":800254543,"boundingBoxes":[{"label":1,"x":26,"y":32,"w":50,"h":45}]},{"sampleId":800254541,"boundingBoxes":[{"label":1,"x":7,"y":17,"w":78,"h":76}]},{"sampleId":800254539,"boundingBoxes":[{"label":1,"x":12,"y":19,"w":72,"h":45}]},{"sampleId":800254537,"boundingBoxes":[{"label":1,"x":14,"y":21,"w":77,"h":36}]},{"sampleId":800254535,"boundingBoxes":[{"label":1,"x":37,"y":21,"w":47,"h":58}]},{"sampleId":800254533,"boundingBoxes":[{"label":1,"x":7,"y":0,"w":76,"h":84}]},{"sampleId":800254531,"boundingBoxes":[{"label":1,"x":0,"y":18,"w":74,"h":50}]},{"sampleId":800254529,"boundingBoxes":[{"label":1,"x":19,"y":17,"w":58,"h":55}]},{"sampleId":800254527,"boundingBoxes":[{"label":1,"x":14,"y":2,"w":67,"h":56}]},{"sampleId":800254525,"boundingBoxes":[{"label":1,"x":22,"y":15,"w":60,"h":63}]},{"sampleId":800254523,"boundingBoxes":[{"label":1,"x":15,"y":8,"w":76,"h":72}]},{"sampleId":800254521,"boundingBoxes":[{"label":1,"x":7,"y":22,"w":67,"h":66},{"label":1,"x":7,"y":23,"w":67,"h":66}]},{"sampleId":800254519,"boundingBoxes":[{"label":1,"x":0,"y":9,"w":89,"h":64}]},{"sampleId":800254517,"boundingBoxes":[{"label":1,"x":24,"y":7,"w":56,"h":62}]},{"sampleId":800254515,"boundingBoxes":[{"label":1,"x":14,"y":21,"w":67,"h":55}]},{"sampleId":800254513,"boundingBoxes":[{"label":1,"x":39,"y":24,"w":45,"h":47}]},{"sampleId":800254511,"boundingBoxes":[{"label":1,"x":25,"y":22,"w":43,"h":54}]},{"sampleId":800254509,"boundingBoxes":[{"label":1,"x":0,"y":0,"w":89,"h":78}]},{"sampleId":800254507,"boundingBoxes":[{"label":1,"x":19,"y":18,"w":65,"h":48}]},{"sampleId":800254505,"boundingBoxes":[{"label":1,"x":17,"y":5,"w":73,"h":78}]},{"sampleId":800254503,"boundingBoxes":[{"label":1,"x":12,"y":8,"w":74,"h":75}]},{"sampleId":800254501,"boundingBoxes":[{"label":1,"x":14,"y":13,"w":58,"h":54}]},{"sampleId":800254499,"boundingBoxes":[{"label":1,"x":19,"y":12,"w":72,"h":63}]},{"sampleId":800254497,"boundingBoxes":[{"label":1,"x":18,"y":17,"w":67,"h":68}]},{"sampleId":800254495,"boundingBoxes":[{"label":1,"x":14,"y":5,"w":72,"h":72}]},{"sampleId":800254493,"boundingBoxes":[{"label":1,"x":18,"y":19,"w":60,"h":42}]},{"sampleId":800254491,"boundingBoxes":[{"label":1,"x":15,"y":29,"w":64,"h":37}]},{"sampleId":800254489,"boundingBoxes":[{"label":1,"x":27,"y":44,"w":49,"h":42}]},{"sampleId":800254487,"boundingBoxes":[{"label":1,"x":2,"y":12,"w":89,"h":71}]},{"sampleId":800254485,"boundingBoxes":[{"label":1,"x":7,"y":41,"w":31,"h":36},{"label":1,"x":63,"y":15,"w":23,"h":44}]},{"sampleId":800254483,"boundingBoxes":[{"label":1,"x":16,"y":19,"w":68,"h":54}]},{"sampleId":800254481,"boundingBoxes":[{"label":1,"x":20,"y":15,"w":75,"h":78}]},{"sampleId":800254479,"boundingBoxes":[{"label":1,"x":21,"y":12,"w":69,"h":68}]},{"sampleId":800254477,"boundingBoxes":[{"label":1,"x":8,"y":0,"w":68,"h":74},{"label":1,"x":8,"y":0,"w":68,"h":74}]},{"sampleId":800254475,"boundingBoxes":[{"label":1,"x":10,"y":7,"w":85,"h":85}]},{"sampleId":800254473,"boundingBoxes":[{"label":1,"x":17,"y":19,"w":64,"h":61}]},{"sampleId":800254471,"boundingBoxes":[{"label":1,"x":23,"y":9,"w":69,"h":75}]},{"sampleId":800254469,"boundingBoxes":[{"label":1,"x":17,"y":5,"w":67,"h":72}]},{"sampleId":800254467,"boundingBoxes":[{"label":1,"x":3,"y":0,"w":79,"h":87}]},{"sampleId":800254465,"boundingBoxes":[{"label":1,"x":7,"y":30,"w":75,"h":55}]},{"sampleId":800254463,"boundingBoxes":[{"label":1,"x":15,"y":11,"w":68,"h":68}]},{"sampleId":800254461,"boundingBoxes":[{"label":1,"x":7,"y":0,"w":81,"h":83}]},{"sampleId":800254459,"boundingBoxes":[{"label":1,"x":17,"y":13,"w":75,"h":70}]},{"sampleId":800254457,"boundingBoxes":[{"label":1,"x":22,"y":18,"w":70,"h":65}]},{"sampleId":800254455,"boundingBoxes":[{"label":1,"x":18,"y":25,"w":63,"h":56},{"label":1,"x":18,"y":25,"w":63,"h":55}]},{"sampleId":800254453,"boundingBoxes":[{"label":1,"x":20,"y":3,"w":60,"h":82}]},{"sampleId":800254451,"boundingBoxes":[{"label":1,"x":16,"y":3,"w":44,"h":60}]},{"sampleId":800254449,"boundingBoxes":[{"label":1,"x":18,"y":12,"w":54,"h":60}]},{"sampleId":800254447,"boundingBoxes":[{"label":1,"x":9,"y":1,"w":84,"h":86}]},{"sampleId":800254445,"boundingBoxes":[{"label":1,"x":21,"y":16,"w":47,"h":62}]},{"sampleId":800254443,"boundingBoxes":[{"label":1,"x":0,"y":20,"w":90,"h":60}]},{"sampleId":800254441,"boundingBoxes":[{"label":1,"x":0,"y":9,"w":86,"h":69}]},{"sampleId":800254439,"boundingBoxes":[{"label":1,"x":20,"y":21,"w":49,"h":44}]},{"sampleId":800254437,"boundingBoxes":[{"label":1,"x":6,"y":15,"w":72,"h":56}]},{"sampleId":800254435,"boundingBoxes":[{"label":1,"x":12,"y":22,"w":80,"h":57}]},{"sampleId":800254433,"boundingBoxes":[{"label":1,"x":25,"y":17,"w":63,"h":55}]},{"sampleId":800254431,"boundingBoxes":[{"label":1,"x":12,"y":8,"w":79,"h":67}]},{"sampleId":800254429,"boundingBoxes":[{"label":1,"x":16,"y":14,"w":76,"h":70}]},{"sampleId":800254427,"boundingBoxes":[{"label":1,"x":12,"y":16,"w":62,"h":56}]},{"sampleId":800254425,"boundingBoxes":[{"label":1,"x":15,"y":0,"w":67,"h":76}]},{"sampleId":800254423,"boundingBoxes":[{"label":1,"x":0,"y":11,"w":82,"h":74}]},{"sampleId":800254421,"boundingBoxes":[{"label":1,"x":22,"y":1,"w":72,"h":89}]},{"sampleId":800254419,"boundingBoxes":[{"label":1,"x":9,"y":5,"w":82,"h":53}]},{"sampleId":800254417,"boundingBoxes":[{"label":1,"x":43,"y":23,"w":33,"h":40}]},{"sampleId":800254415,"boundingBoxes":[{"label":1,"x":10,"y":10,"w":45,"h":47}]},{"sampleId":800254413,"boundingBoxes":[{"label":1,"x":12,"y":14,"w":79,"h":57}]},{"sampleId":800254411,"boundingBoxes":[{"label":1,"x":9,"y":18,"w":77,"h":61}]},{"sampleId":800254409,"boundingBoxes":[{"label":1,"x":8,"y":20,"w":79,"h":48}]},{"sampleId":800254407,"boundingBoxes":[{"label":1,"x":5,"y":11,"w":80,"h":63}]},{"sampleId":800254405,"boundingBoxes":[{"label":1,"x":26,"y":0,"w":62,"h":80}]},{"sampleId":800254403,"boundingBoxes":[{"label":1,"x":28,"y":15,"w":62,"h":78}]},{"sampleId":800254401,"boundingBoxes":[{"label":1,"x":5,"y":19,"w":59,"h":46}]},{"sampleId":800254399,"boundingBoxes":[{"label":1,"x":1,"y":4,"w":92,"h":87}]},{"sampleId":800254397,"boundingBoxes":[{"label":1,"x":9,"y":18,"w":75,"h":57}]},{"sampleId":800254395,"boundingBoxes":[{"label":1,"x":24,"y":13,"w":69,"h":76}]},{"sampleId":800254393,"boundingBoxes":[{"label":1,"x":3,"y":0,"w":81,"h":84}]},{"sampleId":800254391,"boundingBoxes":[{"label":1,"x":7,"y":14,"w":79,"h":65}]},{"sampleId":800254389,"boundingBoxes":[{"label":1,"x":23,"y":34,"w":62,"h":55}]},{"sampleId":800254387,"boundingBoxes":[{"label":1,"x":18,"y":21,"w":72,"h":63}]},{"sampleId":800254385,"boundingBoxes":[{"label":1,"x":19,"y":29,"w":21,"h":41}]},{"sampleId":800254383,"boundingBoxes":[{"label":1,"x":20,"y":13,"w":66,"h":58}]},{"sampleId":800254381,"boundingBoxes":[{"label":1,"x":21,"y":18,"w":57,"h":42}]},{"sampleId":800254379,"boundingBoxes":[{"label":1,"x":20,"y":0,"w":66,"h":86}]},{"sampleId":800254377,"boundingBoxes":[{"label":1,"x":19,"y":15,"w":57,"h":56}]},{"sampleId":800254375,"boundingBoxes":[{"label":1,"x":9,"y":14,"w":56,"h":50}]},{"sampleId":800254373,"boundingBoxes":[{"label":1,"x":9,"y":15,"w":80,"h":66}]},{"sampleId":800254371,"boundingBoxes":[{"label":1,"x":14,"y":11,"w":79,"h":71}]},{"sampleId":800254369,"boundingBoxes":[{"label":1,"x":18,"y":14,"w":42,"h":49}]},{"sampleId":800254367,"boundingBoxes":[{"label":1,"x":26,"y":8,"w":69,"h":83}]},{"sampleId":800254364,"boundingBoxes":[{"label":1,"x":4,"y":0,"w":74,"h":90}]},{"sampleId":800254362,"boundingBoxes":[{"label":1,"x":16,"y":14,"w":66,"h":62}]},{"sampleId":800254360,"boundingBoxes":[{"label":1,"x":4,"y":10,"w":82,"h":72}]},{"sampleId":800254358,"boundingBoxes":[{"label":1,"x":16,"y":20,"w":67,"h":58}]},{"sampleId":800254356,"boundingBoxes":[{"label":1,"x":12,"y":21,"w":51,"h":50}]},{"sampleId":800254354,"boundingBoxes":[{"label":1,"x":9,"y":17,"w":78,"h":61}]},{"sampleId":800254352,"boundingBoxes":[{"label":1,"x":32,"y":21,"w":40,"h":35}]},{"sampleId":800254350,"boundingBoxes":[{"label":1,"x":5,"y":14,"w":82,"h":64}]},{"sampleId":800254348,"boundingBoxes":[{"label":1,"x":28,"y":33,"w":50,"h":48}]},{"sampleId":800254346,"boundingBoxes":[{"label":1,"x":25,"y":8,"w":57,"h":69}]},{"sampleId":800254344,"boundingBoxes":[{"label":1,"x":20,"y":17,"w":56,"h":55}]},{"sampleId":800254342,"boundingBoxes":[{"label":1,"x":11,"y":2,"w":74,"h":82}]},{"sampleId":800254340,"boundingBoxes":[{"label":1,"x":2,"y":24,"w":93,"h":61}]},{"sampleId":800254338,"boundingBoxes":[{"label":1,"x":9,"y":22,"w":79,"h":55}]},{"sampleId":800254336,"boundingBoxes":[{"label":1,"x":0,"y":7,"w":78,"h":60}]},{"sampleId":800254334,"boundingBoxes":[{"label":1,"x":17,"y":5,"w":69,"h":67}]},{"sampleId":800254332,"boundingBoxes":[{"label":1,"x":15,"y":13,"w":72,"h":74}]},{"sampleId":800254330,"boundingBoxes":[{"label":1,"x":28,"y":15,"w":55,"h":63}]},{"sampleId":800254328,"boundingBoxes":[{"label":1,"x":30,"y":18,"w":49,"h":64}]},{"sampleId":800254326,"boundingBoxes":[{"label":1,"x":7,"y":0,"w":80,"h":88}]},{"sampleId":800254324,"boundingBoxes":[{"label":1,"x":26,"y":13,"w":38,"h":58}]},{"sampleId":800254322,"boundingBoxes":[{"label":1,"x":6,"y":14,"w":38,"h":41},{"label":1,"x":23,"y":28,"w":65,"h":57}]},{"sampleId":800254320,"boundingBoxes":[{"label":1,"x":30,"y":29,"w":30,"h":35}]},{"sampleId":800254318,"boundingBoxes":[{"label":1,"x":16,"y":19,"w":64,"h":46}]},{"sampleId":800254316,"boundingBoxes":[{"label":1,"x":13,"y":21,"w":63,"h":44}]},{"sampleId":800254314,"boundingBoxes":[{"label":1,"x":33,"y":30,"w":48,"h":42}]},{"sampleId":800254312,"boundingBoxes":[{"label":1,"x":10,"y":18,"w":72,"h":51}]},{"sampleId":800254310,"boundingBoxes":[{"label":1,"x":12,"y":15,"w":68,"h":69}]},{"sampleId":800254306,"boundingBoxes":[{"label":1,"x":0,"y":20,"w":81,"h":50}]},{"sampleId":800254304,"boundingBoxes":[{"label":1,"x":22,"y":9,"w":71,"h":75}]},{"sampleId":800254302,"boundingBoxes":[{"label":1,"x":10,"y":24,"w":81,"h":39}]},{"sampleId":800254300,"boundingBoxes":[{"label":1,"x":10,"y":23,"w":71,"h":54}]},{"sampleId":800254298,"boundingBoxes":[{"label":1,"x":3,"y":9,"w":80,"h":60}]},{"sampleId":800254296,"boundingBoxes":[{"label":1,"x":11,"y":0,"w":76,"h":84}]},{"sampleId":800254294,"boundingBoxes":[{"label":1,"x":10,"y":10,"w":63,"h":68}]},{"sampleId":800254292,"boundingBoxes":[{"label":1,"x":8,"y":23,"w":80,"h":44}]},{"sampleId":800254290,"boundingBoxes":[{"label":1,"x":6,"y":15,"w":83,"h":58}]},{"sampleId":800254288,"boundingBoxes":[{"label":1,"x":32,"y":35,"w":33,"h":37}]},{"sampleId":800254286,"boundingBoxes":[{"label":1,"x":20,"y":14,"w":74,"h":70}]},{"sampleId":800254284,"boundingBoxes":[{"label":1,"x":10,"y":6,"w":78,"h":82}]},{"sampleId":800254282,"boundingBoxes":[{"label":1,"x":19,"y":18,"w":54,"h":49},{"label":1,"x":78,"y":3,"w":16,"h":15}]},{"sampleId":800254280,"boundingBoxes":[{"label":1,"x":40,"y":23,"w":36,"h":42}]},{"sampleId":800254278,"boundingBoxes":[{"label":1,"x":26,"y":23,"w":65,"h":55}]},{"sampleId":800254276,"boundingBoxes":[{"label":1,"x":15,"y":19,"w":66,"h":41}]},{"sampleId":800254274,"boundingBoxes":[{"label":1,"x":1,"y":36,"w":41,"h":49}]},{"sampleId":800254272,"boundingBoxes":[{"label":1,"x":15,"y":15,"w":66,"h":60}]},{"sampleId":800254270,"boundingBoxes":[{"label":1,"x":15,"y":10,"w":75,"h":81}]},{"sampleId":800254268,"boundingBoxes":[{"label":1,"x":0,"y":19,"w":80,"h":39}]},{"sampleId":800254266,"boundingBoxes":[{"label":1,"x":14,"y":24,"w":71,"h":31},{"label":1,"x":9,"y":5,"w":6,"h":6},{"label":1,"x":0,"y":3,"w":1,"h":4}]},{"sampleId":800254264,"boundingBoxes":[{"label":1,"x":23,"y":0,"w":68,"h":94}]},{"sampleId":800254262,"boundingBoxes":[{"label":1,"x":14,"y":16,"w":69,"h":56}]},{"sampleId":800254260,"boundingBoxes":[{"label":1,"x":16,"y":22,"w":63,"h":53}]},{"sampleId":800254258,"boundingBoxes":[{"label":1,"x":4,"y":0,"w":72,"h":69}]},{"sampleId":800254256,"boundingBoxes":[{"label":1,"x":4,"y":1,"w":85,"h":90}]},{"sampleId":800254254,"boundingBoxes":[{"label":1,"x":26,"y":24,"w":61,"h":29}]},{"sampleId":800254252,"boundingBoxes":[{"label":1,"x":11,"y":0,"w":57,"h":91}]},{"sampleId":800254250,"boundingBoxes":[{"label":1,"x":9,"y":17,"w":70,"h":57}]},{"sampleId":800254248,"boundingBoxes":[{"label":1,"x":18,"y":9,"w":68,"h":78}]},{"sampleId":800254246,"boundingBoxes":[{"label":1,"x":16,"y":5,"w":70,"h":81}]},{"sampleId":800254244,"boundingBoxes":[{"label":1,"x":16,"y":19,"w":69,"h":60}]},{"sampleId":800254242,"boundingBoxes":[{"label":1,"x":10,"y":25,"w":62,"h":66}]},{"sampleId":800254240,"boundingBoxes":[{"label":1,"x":6,"y":24,"w":84,"h":46}]},{"sampleId":800254238,"boundingBoxes":[{"label":1,"x":18,"y":20,"w":56,"h":54}]},{"sampleId":800254236,"boundingBoxes":[{"label":1,"x":18,"y":11,"w":67,"h":69}]},{"sampleId":800254234,"boundingBoxes":[{"label":1,"x":23,"y":20,"w":57,"h":36}]},{"sampleId":800254232,"boundingBoxes":[{"label":1,"x":15,"y":6,"w":77,"h":80}]},{"sampleId":800254230,"boundingBoxes":[{"label":1,"x":13,"y":10,"w":74,"h":68}]},{"sampleId":800254228,"boundingBoxes":[{"label":1,"x":11,"y":19,"w":75,"h":75}]},{"sampleId":800254226,"boundingBoxes":[{"label":1,"x":18,"y":15,"w":71,"h":68}]},{"sampleId":800254224,"boundingBoxes":[{"label":1,"x":6,"y":18,"w":81,"h":60}]},{"sampleId":800254222,"boundingBoxes":[{"label":1,"x":12,"y":23,"w":76,"h":54}]},{"sampleId":800254220,"boundingBoxes":[{"label":1,"x":18,"y":22,"w":46,"h":37}]},{"sampleId":800254218,"boundingBoxes":[{"label":1,"x":15,"y":21,"w":75,"h":59}]},{"sampleId":800254216,"boundingBoxes":[{"label":1,"x":7,"y":9,"w":61,"h":56}]},{"sampleId":800254214,"boundingBoxes":[{"label":1,"x":14,"y":14,"w":71,"h":59}]},{"sampleId":800254212,"boundingBoxes":[{"label":1,"x":30,"y":21,"w":42,"h":43}]},{"sampleId":800254210,"boundingBoxes":[{"label":1,"x":8,"y":6,"w":72,"h":62}]},{"sampleId":800254208,"boundingBoxes":[{"label":1,"x":2,"y":8,"w":82,"h":69}]},{"sampleId":800254206,"boundingBoxes":[{"label":1,"x":15,"y":20,"w":70,"h":56}]},{"sampleId":800254204,"boundingBoxes":[{"label":1,"x":4,"y":20,"w":89,"h":57}]},{"sampleId":800254202,"boundingBoxes":[{"label":1,"x":4,"y":20,"w":89,"h":57}]},{"sampleId":800254200,"boundingBoxes":[{"label":1,"x":17,"y":33,"w":57,"h":59}]},{"sampleId":800254198,"boundingBoxes":[{"label":1,"x":29,"y":13,"w":63,"h":80}]},{"sampleId":800254196,"boundingBoxes":[{"label":1,"x":6,"y":12,"w":71,"h":78}]},{"sampleId":800254194,"boundingBoxes":[{"label":1,"x":13,"y":9,"w":64,"h":54}]},{"sampleId":800254192,"boundingBoxes":[{"label":1,"x":16,"y":24,"w":56,"h":39}]},{"sampleId":800254190,"boundingBoxes":[{"label":1,"x":66,"y":15,"w":24,"h":56},{"label":1,"x":11,"y":22,"w":24,"h":60}]},{"sampleId":800254188,"boundingBoxes":[{"label":1,"x":15,"y":11,"w":74,"h":62}]},{"sampleId":800254186,"boundingBoxes":[{"label":1,"x":34,"y":27,"w":38,"h":58}]},{"sampleId":800254184,"boundingBoxes":[{"label":1,"x":24,"y":15,"w":42,"h":33}]},{"sampleId":800254182,"boundingBoxes":[{"label":1,"x":3,"y":11,"w":90,"h":66}]},{"sampleId":800254180,"boundingBoxes":[{"label":1,"x":17,"y":0,"w":60,"h":86}]},{"sampleId":800254178,"boundingBoxes":[{"label":1,"x":36,"y":22,"w":48,"h":53}]},{"sampleId":800254176,"boundingBoxes":[{"label":1,"x":16,"y":14,"w":63,"h":52}]},{"sampleId":800254174,"boundingBoxes":[{"label":1,"x":20,"y":4,"w":62,"h":78}]},{"sampleId":800254172,"boundingBoxes":[{"label":1,"x":9,"y":5,"w":81,"h":75}]},{"sampleId":800254170,"boundingBoxes":[{"label":1,"x":13,"y":23,"w":64,"h":57}]},{"sampleId":800254168,"boundingBoxes":[{"label":1,"x":22,"y":20,"w":54,"h":55}]},{"sampleId":800254166,"boundingBoxes":[{"label":1,"x":9,"y":6,"w":84,"h":84}]},{"sampleId":800254164,"boundingBoxes":[{"label":1,"x":16,"y":21,"w":67,"h":52}]},{"sampleId":800254162,"boundingBoxes":[{"label":1,"x":6,"y":12,"w":70,"h":81},{"label":1,"x":0,"y":84,"w":7,"h":11}]},{"sampleId":800254160,"boundingBoxes":[{"label":1,"x":30,"y":30,"w":42,"h":35}]},{"sampleId":800254158,"boundingBoxes":[{"label":1,"x":11,"y":0,"w":83,"h":88}]},{"sampleId":800254156,"boundingBoxes":[{"label":1,"x":12,"y":13,"w":78,"h":82}]},{"sampleId":800254154,"boundingBoxes":[{"label":1,"x":23,"y":0,"w":69,"h":83}]},{"sampleId":800254152,"boundingBoxes":[{"label":1,"x":18,"y":24,"w":56,"h":51}]},{"sampleId":800254150,"boundingBoxes":[{"label":1,"x":24,"y":14,"w":17,"h":30},{"label":1,"x":17,"y":21,"w":69,"h":69}]},{"sampleId":800254148,"boundingBoxes":[{"label":1,"x":11,"y":7,"w":75,"h":79}]},{"sampleId":800254146,"boundingBoxes":[{"label":1,"x":17,"y":10,"w":63,"h":70}]},{"sampleId":800254144,"boundingBoxes":[{"label":1,"x":17,"y":23,"w":50,"h":47}]},{"sampleId":800254142,"boundingBoxes":[{"label":1,"x":18,"y":16,"w":57,"h":60}]},{"sampleId":800254140,"boundingBoxes":[{"label":1,"x":0,"y":9,"w":89,"h":72}]},{"sampleId":800254138,"boundingBoxes":[{"label":1,"x":18,"y":21,"w":69,"h":41}]},{"sampleId":800254136,"boundingBoxes":[{"label":1,"x":11,"y":12,"w":67,"h":63}]},{"sampleId":800254134,"boundingBoxes":[{"label":1,"x":0,"y":17,"w":92,"h":73}]},{"sampleId":800254132,"boundingBoxes":[{"label":1,"x":12,"y":17,"w":72,"h":65}]},{"sampleId":800254130,"boundingBoxes":[{"label":1,"x":11,"y":18,"w":82,"h":63}]},{"sampleId":800254128,"boundingBoxes":[{"label":1,"x":15,"y":9,"w":78,"h":73}]},{"sampleId":800254126,"boundingBoxes":[{"label":1,"x":18,"y":9,"w":66,"h":72}]},{"sampleId":800254124,"boundingBoxes":[{"label":1,"x":3,"y":15,"w":81,"h":58}]},{"sampleId":800254122,"boundingBoxes":[{"label":1,"x":12,"y":25,"w":40,"h":32}]},{"sampleId":800254120,"boundingBoxes":[{"label":1,"x":13,"y":21,"w":68,"h":58}]},{"sampleId":800254118,"boundingBoxes":[{"label":1,"x":0,"y":10,"w":83,"h":77}]},{"sampleId":800254116,"boundingBoxes":[{"label":1,"x":4,"y":18,"w":77,"h":58}]},{"sampleId":800254114,"boundingBoxes":[{"label":1,"x":9,"y":0,"w":66,"h":78}]},{"sampleId":800254112,"boundingBoxes":[{"label":1,"x":17,"y":19,"w":48,"h":59}]},{"sampleId":800254110,"boundingBoxes":[{"label":1,"x":17,"y":15,"w":57,"h":64}]},{"sampleId":800254108,"boundingBoxes":[{"label":1,"x":12,"y":15,"w":64,"h":53}]},{"sampleId":800174428,"boundingBoxes":[{"label":2,"x":0,"y":29,"w":81,"h":66}]},{"sampleId":800174426,"boundingBoxes":[{"label":2,"x":0,"y":6,"w":87,"h":88}]},{"sampleId":800174424,"boundingBoxes":[{"label":2,"x":5,"y":8,"w":89,"h":87}]},{"sampleId":800174422,"boundingBoxes":[{"label":2,"x":17,"y":10,"w":78,"h":84}]},{"sampleId":800174418,"boundingBoxes":[{"label":2,"x":0,"y":2,"w":95,"h":93}]},{"sampleId":800174408,"boundingBoxes":[{"label":2,"x":64,"y":44,"w":21,"h":42}]},{"sampleId":800174406,"boundingBoxes":[{"label":2,"x":0,"y":6,"w":87,"h":88}]},{"sampleId":800174404,"boundingBoxes":[{"label":2,"x":24,"y":50,"w":16,"h":31}]},{"sampleId":800174398,"boundingBoxes":[{"label":2,"x":38,"y":38,"w":36,"h":57}]},{"sampleId":800174396,"boundingBoxes":[{"label":2,"x":16,"y":36,"w":47,"h":54}]},{"sampleId":800174394,"boundingBoxes":[{"label":2,"x":39,"y":44,"w":12,"h":25}]},{"sampleId":800174392,"boundingBoxes":[{"label":2,"x":3,"y":3,"w":92,"h":92}]},{"sampleId":800174388,"boundingBoxes":[{"label":2,"x":0,"y":11,"w":92,"h":84}]},{"sampleId":800174386,"boundingBoxes":[{"label":2,"x":39,"y":42,"w":16,"h":19}]},{"sampleId":800174384,"boundingBoxes":[{"label":2,"x":24,"y":50,"w":16,"h":30}]},{"sampleId":800174382,"boundingBoxes":[{"label":2,"x":42,"y":28,"w":15,"h":31}]},{"sampleId":800174378,"boundingBoxes":[{"label":2,"x":40,"y":35,"w":38,"h":51}]},{"sampleId":800174376,"boundingBoxes":[{"label":2,"x":33,"y":36,"w":39,"h":55}]},{"sampleId":800174366,"boundingBoxes":[{"label":2,"x":0,"y":4,"w":93,"h":91}]},{"sampleId":800174362,"boundingBoxes":[{"label":2,"x":40,"y":43,"w":15,"h":18}]},{"sampleId":800174358,"boundingBoxes":[{"label":2,"x":0,"y":17,"w":47,"h":48}]},{"sampleId":800174356,"boundingBoxes":[{"label":2,"x":7,"y":39,"w":54,"h":45}]},{"sampleId":800174348,"boundingBoxes":[{"label":2,"x":50,"y":13,"w":21,"h":79}]},{"sampleId":800174346,"boundingBoxes":[{"label":2,"x":51,"y":6,"w":9,"h":30},{"label":2,"x":88,"y":8,"w":4,"h":12}]},{"sampleId":800174342,"boundingBoxes":[{"label":2,"x":3,"y":8,"w":92,"h":87}]},{"sampleId":800174338,"boundingBoxes":[{"label":2,"x":3,"y":8,"w":92,"h":87}]},{"sampleId":800174336,"boundingBoxes":[{"label":2,"x":25,"y":28,"w":31,"h":36}]},{"sampleId":800174334,"boundingBoxes":[{"label":2,"x":28,"y":38,"w":37,"h":31}]},{"sampleId":800174332,"boundingBoxes":[{"label":2,"x":0,"y":17,"w":95,"h":78}]},{"sampleId":800174328,"boundingBoxes":[{"label":2,"x":0,"y":0,"w":95,"h":94}]},{"sampleId":800174326,"boundingBoxes":[{"label":2,"x":3,"y":8,"w":92,"h":87}]},{"sampleId":800174322,"boundingBoxes":[{"label":2,"x":52,"y":23,"w":15,"h":48}]},{"sampleId":800174318,"boundingBoxes":[{"label":2,"x":0,"y":0,"w":90,"h":94}]},{"sampleId":800174314,"boundingBoxes":[{"label":2,"x":0,"y":0,"w":92,"h":91}]},{"sampleId":800174312,"boundingBoxes":[{"label":2,"x":0,"y":11,"w":95,"h":84}]},{"sampleId":800174308,"boundingBoxes":[{"label":2,"x":11,"y":12,"w":84,"h":82}]},{"sampleId":800174306,"boundingBoxes":[{"label":2,"x":0,"y":5,"w":94,"h":90}]},{"sampleId":800174302,"boundingBoxes":[{"label":2,"x":0,"y":25,"w":94,"h":69}]},{"sampleId":800174298,"boundingBoxes":[{"label":2,"x":10,"y":12,"w":84,"h":83}]},{"sampleId":800174296,"boundingBoxes":[{"label":2,"x":0,"y":1,"w":86,"h":94}]},{"sampleId":800174294,"boundingBoxes":[{"label":2,"x":3,"y":8,"w":91,"h":86}]},{"sampleId":800174292,"boundingBoxes":[{"label":2,"x":0,"y":1,"w":95,"h":93}]},{"sampleId":800174286,"boundingBoxes":[{"label":2,"x":76,"y":54,"w":12,"h":21},{"label":2,"x":2,"y":51,"w":6,"h":20},{"label":2,"x":57,"y":54,"w":3,"h":6},{"label":2,"x":49,"y":53,"w":3,"h":6},{"label":2,"x":61,"y":53,"w":3,"h":7},{"label":2,"x":46,"y":53,"w":3,"h":6},{"label":2,"x":38,"y":52,"w":2,"h":6},{"label":2,"x":76,"y":52,"w":3,"h":7},{"label":2,"x":32,"y":53,"w":2,"h":6},{"label":2,"x":35,"y":52,"w":2,"h":7},{"label":2,"x":65,"y":52,"w":3,"h":8},{"label":2,"x":25,"y":52,"w":3,"h":7}]},{"sampleId":800174282,"boundingBoxes":[{"label":2,"x":47,"y":38,"w":20,"h":52}]},{"sampleId":800174278,"boundingBoxes":[{"label":2,"x":30,"y":9,"w":64,"h":84}]},{"sampleId":800174276,"boundingBoxes":[{"label":2,"x":0,"y":0,"w":95,"h":94}]},{"sampleId":800174272,"boundingBoxes":[{"label":2,"x":0,"y":0,"w":94,"h":95}]},{"sampleId":800174268,"boundingBoxes":[{"label":2,"x":9,"y":30,"w":72,"h":64}]},{"sampleId":800174266,"boundingBoxes":[{"label":2,"x":1,"y":0,"w":94,"h":94}]},{"sampleId":800174264,"boundingBoxes":[{"label":2,"x":0,"y":0,"w":95,"h":90}]},{"sampleId":800174262,"boundingBoxes":[{"label":2,"x":12,"y":31,"w":81,"h":64}]},{"sampleId":800174258,"boundingBoxes":[{"label":2,"x":0,"y":31,"w":95,"h":63}]},{"sampleId":800174256,"boundingBoxes":[{"label":2,"x":30,"y":15,"w":63,"h":76}]},{"sampleId":800174254,"boundingBoxes":[{"label":2,"x":6,"y":12,"w":81,"h":82}]},{"sampleId":800174252,"boundingBoxes":[{"label":2,"x":0,"y":9,"w":65,"h":74}]},{"sampleId":800174248,"boundingBoxes":[{"label":2,"x":34,"y":57,"w":10,"h":18}]},{"sampleId":800174246,"boundingBoxes":[{"label":2,"x":0,"y":0,"w":95,"h":94}]},{"sampleId":800174242,"boundingBoxes":[{"label":2,"x":0,"y":0,"w":95,"h":94}]},{"sampleId":800174238,"boundingBoxes":[{"label":2,"x":18,"y":30,"w":67,"h":64}]},{"sampleId":800174236,"boundingBoxes":[{"label":2,"x":35,"y":57,"w":10,"h":18}]},{"sampleId":800174234,"boundingBoxes":[{"label":2,"x":6,"y":12,"w":81,"h":82}]},{"sampleId":800174232,"boundingBoxes":[{"label":2,"x":2,"y":0,"w":92,"h":95}]},{"sampleId":800174228,"boundingBoxes":[{"label":2,"x":3,"y":4,"w":92,"h":91}]},{"sampleId":800174226,"boundingBoxes":[{"label":2,"x":3,"y":3,"w":91,"h":91}]},{"sampleId":800174224,"boundingBoxes":[{"label":2,"x":0,"y":26,"w":95,"h":69}]},{"sampleId":800174222,"boundingBoxes":[{"label":2,"x":0,"y":0,"w":94,"h":93}]},{"sampleId":800174218,"boundingBoxes":[{"label":2,"x":32,"y":32,"w":63,"h":34}]},{"sampleId":800174216,"boundingBoxes":[{"label":2,"x":0,"y":3,"w":95,"h":92}]},{"sampleId":800174214,"boundingBoxes":[{"label":2,"x":23,"y":0,"w":61,"h":95}]},{"sampleId":800174212,"boundingBoxes":[{"label":2,"x":23,"y":32,"w":72,"h":34}]},{"sampleId":800174208,"boundingBoxes":[{"label":2,"x":4,"y":0,"w":90,"h":94}]},{"sampleId":800174204,"boundingBoxes":[{"label":2,"x":3,"y":0,"w":91,"h":94}]},{"sampleId":800174202,"boundingBoxes":[{"label":2,"x":27,"y":48,"w":15,"h":19},{"label":2,"x":7,"y":29,"w":5,"h":16}]},{"sampleId":800174198,"boundingBoxes":[{"label":2,"x":45,"y":63,"w":8,"h":16},{"label":2,"x":52,"y":46,"w":7,"h":12},{"label":2,"x":54,"y":64,"w":6,"h":16},{"label":2,"x":18,"y":60,"w":8,"h":14},{"label":2,"x":21,"y":48,"w":8,"h":14},{"label":2,"x":31,"y":62,"w":8,"h":15},{"label":2,"x":37,"y":34,"w":5,"h":10},{"label":2,"x":70,"y":16,"w":4,"h":8},{"label":2,"x":86,"y":12,"w":2,"h":6},{"label":2,"x":57,"y":22,"w":5,"h":9}]},{"sampleId":800174196,"boundingBoxes":[{"label":2,"x":27,"y":48,"w":17,"h":18},{"label":2,"x":7,"y":29,"w":4,"h":17}]},{"sampleId":800174194,"boundingBoxes":[{"label":2,"x":0,"y":8,"w":85,"h":86}]},{"sampleId":800174192,"boundingBoxes":[{"label":2,"x":25,"y":0,"w":57,"h":95}]},{"sampleId":800174188,"boundingBoxes":[{"label":2,"x":36,"y":50,"w":17,"h":23},{"label":2,"x":78,"y":41,"w":7,"h":20}]},{"sampleId":800174186,"boundingBoxes":[{"label":2,"x":31,"y":24,"w":33,"h":62}]},{"sampleId":800174184,"boundingBoxes":[{"label":2,"x":29,"y":22,"w":33,"h":73},{"label":2,"x":65,"y":57,"w":12,"h":37}]},{"sampleId":800174182,"boundingBoxes":[{"label":2,"x":0,"y":9,"w":95,"h":85}]},{"sampleId":800174178,"boundingBoxes":[{"label":2,"x":39,"y":26,"w":22,"h":52},{"label":2,"x":6,"y":29,"w":9,"h":18},{"label":2,"x":0,"y":28,"w":4,"h":18}]},{"sampleId":800174174,"boundingBoxes":[{"label":2,"x":17,"y":38,"w":52,"h":23}]},{"sampleId":800174172,"boundingBoxes":[{"label":2,"x":38,"y":26,"w":22,"h":52},{"label":2,"x":6,"y":29,"w":9,"h":18},{"label":2,"x":0,"y":28,"w":5,"h":17}]},{"sampleId":800174168,"boundingBoxes":[{"label":2,"x":11,"y":23,"w":51,"h":72},{"label":2,"x":60,"y":22,"w":34,"h":73},{"label":2,"x":0,"y":26,"w":24,"h":69}]},{"sampleId":800174164,"boundingBoxes":[{"label":2,"x":0,"y":19,"w":70,"h":45}]},{"sampleId":800174162,"boundingBoxes":[{"label":2,"x":24,"y":43,"w":5,"h":20}]},{"sampleId":800174158,"boundingBoxes":[{"label":2,"x":41,"y":3,"w":53,"h":92}]},{"sampleId":800174156,"boundingBoxes":[{"label":2,"x":34,"y":40,"w":28,"h":55},{"label":2,"x":84,"y":35,"w":11,"h":28},{"label":2,"x":12,"y":38,"w":6,"h":15},{"label":2,"x":76,"y":37,"w":8,"h":19},{"label":2,"x":38,"y":36,"w":5,"h":12},{"label":2,"x":72,"y":43,"w":6,"h":14},{"label":2,"x":7,"y":39,"w":6,"h":14},{"label":2,"x":23,"y":38,"w":5,"h":10},{"label":2,"x":18,"y":36,"w":3,"h":12}]},{"sampleId":800174154,"boundingBoxes":[{"label":2,"x":11,"y":27,"w":59,"h":68}]},{"sampleId":800174152,"boundingBoxes":[{"label":2,"x":0,"y":9,"w":94,"h":86}]},{"sampleId":800174148,"boundingBoxes":[{"label":2,"x":30,"y":42,"w":33,"h":53}]},{"sampleId":800174146,"boundingBoxes":[{"label":2,"x":23,"y":8,"w":72,"h":87}]},{"sampleId":800174144,"boundingBoxes":[{"label":2,"x":9,"y":34,"w":44,"h":61}]},{"sampleId":800174142,"boundingBoxes":[{"label":2,"x":20,"y":24,"w":56,"h":71}]},{"sampleId":800174138,"boundingBoxes":[{"label":2,"x":0,"y":25,"w":83,"h":70}]},{"sampleId":800174136,"boundingBoxes":[{"label":2,"x":33,"y":40,"w":28,"h":55},{"label":2,"x":84,"y":35,"w":11,"h":28},{"label":2,"x":12,"y":39,"w":6,"h":15},{"label":2,"x":76,"y":38,"w":8,"h":19},{"label":2,"x":38,"y":37,"w":4,"h":12},{"label":2,"x":72,"y":43,"w":6,"h":14},{"label":2,"x":8,"y":39,"w":5,"h":14},{"label":2,"x":23,"y":39,"w":5,"h":10},{"label":2,"x":18,"y":37,"w":3,"h":10}]},{"sampleId":800174134,"boundingBoxes":[{"label":2,"x":27,"y":65,"w":34,"h":30}]},{"sampleId":800174132,"boundingBoxes":[{"label":2,"x":23,"y":6,"w":63,"h":88}]},{"sampleId":800172734,"boundingBoxes":[{"label":2,"x":33,"y":3,"w":27,"h":84}]},{"sampleId":800172732,"boundingBoxes":[{"label":2,"x":9,"y":0,"w":82,"h":96}]},{"sampleId":800172728,"boundingBoxes":[{"label":2,"x":12,"y":0,"w":41,"h":96}]},{"sampleId":800172726,"boundingBoxes":[{"label":2,"x":18,"y":4,"w":70,"h":91}]},{"sampleId":800172724,"boundingBoxes":[{"label":2,"x":13,"y":0,"w":67,"h":96}]},{"sampleId":800172722,"boundingBoxes":[{"label":2,"x":7,"y":3,"w":68,"h":92}]},{"sampleId":800172718,"boundingBoxes":[{"label":2,"x":2,"y":0,"w":89,"h":96}]},{"sampleId":800172716,"boundingBoxes":[{"label":2,"x":14,"y":0,"w":65,"h":96}]},{"sampleId":800172714,"boundingBoxes":[{"label":2,"x":12,"y":0,"w":71,"h":96}]},{"sampleId":800172712,"boundingBoxes":[{"label":2,"x":24,"y":0,"w":42,"h":96}]},{"sampleId":800172708,"boundingBoxes":[{"label":2,"x":29,"y":0,"w":35,"h":96}]},{"sampleId":800172706,"boundingBoxes":[{"label":2,"x":20,"y":3,"w":55,"h":92}]},{"sampleId":800172704,"boundingBoxes":[{"label":2,"x":3,"y":0,"w":87,"h":96}]},{"sampleId":800172702,"boundingBoxes":[{"label":2,"x":25,"y":0,"w":48,"h":96}]},{"sampleId":800172698,"boundingBoxes":[{"label":2,"x":28,"y":0,"w":43,"h":96}]},{"sampleId":800172696,"boundingBoxes":[{"label":2,"x":4,"y":0,"w":90,"h":96}]},{"sampleId":800172694,"boundingBoxes":[{"label":2,"x":30,"y":10,"w":35,"h":79}]},{"sampleId":800172692,"boundingBoxes":[{"label":2,"x":28,"y":0,"w":45,"h":96}]},{"sampleId":800172688,"boundingBoxes":[{"label":2,"x":20,"y":0,"w":55,"h":96}]},{"sampleId":800172686,"boundingBoxes":[{"label":2,"x":31,"y":0,"w":35,"h":96}]},{"sampleId":800172684,"boundingBoxes":[{"label":2,"x":8,"y":0,"w":55,"h":96}]},{"sampleId":800172682,"boundingBoxes":[{"label":2,"x":28,"y":0,"w":37,"h":96}]},{"sampleId":800172678,"boundingBoxes":[{"label":2,"x":32,"y":0,"w":27,"h":94}]},{"sampleId":800172676,"boundingBoxes":[{"label":2,"x":13,"y":0,"w":62,"h":96}]},{"sampleId":800172674,"boundingBoxes":[{"label":2,"x":27,"y":0,"w":36,"h":96}]},{"sampleId":800172672,"boundingBoxes":[{"label":2,"x":21,"y":0,"w":56,"h":96}]},{"sampleId":800172668,"boundingBoxes":[{"label":2,"x":20,"y":7,"w":71,"h":87}]},{"sampleId":800172666,"boundingBoxes":[{"label":2,"x":0,"y":0,"w":94,"h":96}]},{"sampleId":800172664,"boundingBoxes":[{"label":2,"x":57,"y":5,"w":28,"h":91},{"label":2,"x":11,"y":0,"w":29,"h":96},{"label":2,"x":72,"y":6,"w":19,"h":86},{"label":2,"x":35,"y":0,"w":27,"h":96},{"label":2,"x":27,"y":1,"w":18,"h":95}]},{"sampleId":800172662,"boundingBoxes":[{"label":2,"x":8,"y":8,"w":79,"h":87}]},{"sampleId":800172658,"boundingBoxes":[{"label":2,"x":24,"y":0,"w":49,"h":96}]},{"sampleId":800172656,"boundingBoxes":[{"label":2,"x":27,"y":2,"w":40,"h":87}]},{"sampleId":800172654,"boundingBoxes":[{"label":2,"x":21,"y":4,"w":53,"h":86}]},{"sampleId":800172652,"boundingBoxes":[{"label":2,"x":13,"y":0,"w":77,"h":95}]},{"sampleId":800172648,"boundingBoxes":[{"label":2,"x":9,"y":0,"w":77,"h":96}]},{"sampleId":800172646,"boundingBoxes":[{"label":2,"x":8,"y":0,"w":50,"h":96},{"label":2,"x":51,"y":0,"w":33,"h":96}]},{"sampleId":800172644,"boundingBoxes":[{"label":2,"x":6,"y":0,"w":83,"h":96}]},{"sampleId":800172642,"boundingBoxes":[{"label":2,"x":41,"y":6,"w":21,"h":78}]},{"sampleId":800172638,"boundingBoxes":[{"label":2,"x":15,"y":0,"w":66,"h":96}]},{"sampleId":800172636,"boundingBoxes":[{"label":2,"x":24,"y":0,"w":47,"h":96}]},{"sampleId":800172634,"boundingBoxes":[{"label":2,"x":25,"y":0,"w":45,"h":95}]},{"sampleId":800172632,"boundingBoxes":[{"label":2,"x":15,"y":0,"w":34,"h":96},{"label":2,"x":38,"y":0,"w":54,"h":96}]},{"sampleId":800172628,"boundingBoxes":[{"label":2,"x":17,"y":0,"w":60,"h":96}]},{"sampleId":800172626,"boundingBoxes":[{"label":2,"x":0,"y":5,"w":93,"h":83}]},{"sampleId":800172624,"boundingBoxes":[{"label":2,"x":8,"y":0,"w":75,"h":96}]},{"sampleId":800172622,"boundingBoxes":[{"label":2,"x":16,"y":0,"w":55,"h":96}]},{"sampleId":800172618,"boundingBoxes":[{"label":2,"x":1,"y":0,"w":94,"h":96}]},{"sampleId":800172613,"boundingBoxes":[{"label":2,"x":1,"y":0,"w":87,"h":96}]},{"sampleId":800172611,"boundingBoxes":[{"label":2,"x":9,"y":2,"w":54,"h":94}]},{"sampleId":800172609,"boundingBoxes":[{"label":2,"x":14,"y":0,"w":66,"h":95}]},{"sampleId":800172607,"boundingBoxes":[{"label":2,"x":0,"y":1,"w":88,"h":93}]},{"sampleId":800172603,"boundingBoxes":[{"label":2,"x":9,"y":0,"w":76,"h":96}]},{"sampleId":800172601,"boundingBoxes":[{"label":2,"x":19,"y":0,"w":50,"h":96}]},{"sampleId":800172599,"boundingBoxes":[{"label":2,"x":28,"y":2,"w":41,"h":92}]},{"sampleId":800172597,"boundingBoxes":[{"label":2,"x":20,"y":4,"w":46,"h":90}]},{"sampleId":800172593,"boundingBoxes":[{"label":2,"x":0,"y":1,"w":96,"h":94}]},{"sampleId":800172591,"boundingBoxes":[{"label":2,"x":3,"y":19,"w":89,"h":77}]},{"sampleId":800172589,"boundingBoxes":[{"label":2,"x":35,"y":2,"w":22,"h":73}]},{"sampleId":800172586,"boundingBoxes":[{"label":2,"x":14,"y":0,"w":71,"h":96}]},{"sampleId":800172584,"boundingBoxes":[{"label":2,"x":8,"y":0,"w":79,"h":96}]},{"sampleId":800172582,"boundingBoxes":[{"label":2,"x":11,"y":0,"w":67,"h":96}]},{"sampleId":800172578,"boundingBoxes":[{"label":2,"x":28,"y":0,"w":53,"h":91}]},{"sampleId":800172576,"boundingBoxes":[{"label":2,"x":0,"y":0,"w":96,"h":94}]},{"sampleId":800172574,"boundingBoxes":[{"label":2,"x":5,"y":0,"w":84,"h":96}]},{"sampleId":800172572,"boundingBoxes":[{"label":2,"x":33,"y":5,"w":25,"h":85}]},{"sampleId":800172568,"boundingBoxes":[{"label":2,"x":12,"y":0,"w":74,"h":96}]},{"sampleId":800172566,"boundingBoxes":[{"label":2,"x":0,"y":0,"w":93,"h":96}]},{"sampleId":800172564,"boundingBoxes":[{"label":2,"x":16,"y":4,"w":60,"h":91}]},{"sampleId":800172562,"boundingBoxes":[{"label":2,"x":30,"y":25,"w":22,"h":70},{"label":2,"x":44,"y":23,"w":25,"h":70},{"label":2,"x":60,"y":10,"w":30,"h":85},{"label":2,"x":0,"y":0,"w":37,"h":95},{"label":2,"x":36,"y":17,"w":10,"h":18}]},{"sampleId":800172558,"boundingBoxes":[{"label":2,"x":0,"y":8,"w":96,"h":81}]},{"sampleId":800172556,"boundingBoxes":[{"label":2,"x":55,"y":0,"w":32,"h":95},{"label":2,"x":32,"y":9,"w":24,"h":81},{"label":2,"x":8,"y":3,"w":26,"h":84}]},{"sampleId":800172554,"boundingBoxes":[{"label":2,"x":5,"y":11,"w":19,"h":78},{"label":2,"x":14,"y":6,"w":36,"h":80}]},{"sampleId":800172552,"boundingBoxes":[{"label":2,"x":32,"y":6,"w":28,"h":86}]},{"sampleId":800172548,"boundingBoxes":[{"label":2,"x":11,"y":0,"w":72,"h":96}]},{"sampleId":800172546,"boundingBoxes":[{"label":2,"x":45,"y":0,"w":38,"h":96},{"label":2,"x":14,"y":0,"w":28,"h":96}]},{"sampleId":800172544,"boundingBoxes":[{"label":2,"x":6,"y":0,"w":36,"h":96},{"label":2,"x":55,"y":0,"w":36,"h":96}]},{"sampleId":800172542,"boundingBoxes":[{"label":2,"x":3,"y":0,"w":89,"h":96}]},{"sampleId":800172538,"boundingBoxes":[{"label":2,"x":0,"y":15,"w":94,"h":65}]},{"sampleId":800172536,"boundingBoxes":[{"label":2,"x":10,"y":5,"w":75,"h":85}]},{"sampleId":800172534,"boundingBoxes":[{"label":2,"x":48,"y":0,"w":33,"h":95},{"label":2,"x":14,"y":1,"w":34,"h":91}]},{"sampleId":800172532,"boundingBoxes":[{"label":2,"x":26,"y":27,"w":41,"h":46}]},{"sampleId":800172528,"boundingBoxes":[{"label":2,"x":2,"y":5,"w":89,"h":87}]},{"sampleId":800172526,"boundingBoxes":[{"label":2,"x":29,"y":0,"w":37,"h":96}]},{"sampleId":800172524,"boundingBoxes":[{"label":2,"x":2,"y":0,"w":89,"h":96}]},{"sampleId":800172522,"boundingBoxes":[{"label":2,"x":19,"y":0,"w":58,"h":96}]},{"sampleId":800172518,"boundingBoxes":[{"label":2,"x":23,"y":0,"w":46,"h":96}]},{"sampleId":800172516,"boundingBoxes":[{"label":2,"x":21,"y":18,"w":67,"h":67},{"label":2,"x":85,"y":30,"w":11,"h":55},{"label":2,"x":0,"y":8,"w":18,"h":77},{"label":2,"x":67,"y":18,"w":29,"h":43},{"label":2,"x":12,"y":21,"w":30,"h":63}]},{"sampleId":800172514,"boundingBoxes":[{"label":2,"x":32,"y":4,"w":28,"h":84}]},{"sampleId":800172512,"boundingBoxes":[{"label":2,"x":31,"y":0,"w":36,"h":96}]},{"sampleId":800172508,"boundingBoxes":[{"label":2,"x":33,"y":0,"w":37,"h":96}]},{"sampleId":800172506,"boundingBoxes":[{"label":2,"x":26,"y":7,"w":49,"h":87}]},{"sampleId":800172504,"boundingBoxes":[{"label":2,"x":25,"y":6,"w":44,"h":85}]},{"sampleId":800172502,"boundingBoxes":[{"label":2,"x":24,"y":0,"w":45,"h":96}]},{"sampleId":800172498,"boundingBoxes":[{"label":2,"x":12,"y":0,"w":72,"h":96}]},{"sampleId":800172496,"boundingBoxes":[{"label":2,"x":19,"y":0,"w":54,"h":96}]},{"sampleId":800172494,"boundingBoxes":[{"label":2,"x":26,"y":0,"w":38,"h":96}]},{"sampleId":800172492,"boundingBoxes":[{"label":2,"x":0,"y":6,"w":92,"h":84}]},{"sampleId":800172488,"boundingBoxes":[{"label":2,"x":0,"y":4,"w":96,"h":87}]},{"sampleId":800172486,"boundingBoxes":[{"label":2,"x":17,"y":11,"w":65,"h":84}]},{"sampleId":800172484,"boundingBoxes":[{"label":2,"x":25,"y":0,"w":39,"h":95}]},{"sampleId":800172482,"boundingBoxes":[{"label":2,"x":41,"y":0,"w":51,"h":92},{"label":2,"x":2,"y":0,"w":44,"h":91}]},{"sampleId":800172478,"boundingBoxes":[{"label":2,"x":28,"y":0,"w":28,"h":96}]},{"sampleId":800172476,"boundingBoxes":[{"label":2,"x":35,"y":2,"w":38,"h":90}]},{"sampleId":800172474,"boundingBoxes":[{"label":2,"x":0,"y":0,"w":95,"h":96}]},{"sampleId":800172472,"boundingBoxes":[{"label":2,"x":0,"y":0,"w":96,"h":94}]},{"sampleId":800172468,"boundingBoxes":[{"label":2,"x":0,"y":0,"w":94,"h":96}]},{"sampleId":800172466,"boundingBoxes":[{"label":2,"x":0,"y":0,"w":93,"h":96}]},{"sampleId":800172464,"boundingBoxes":[{"label":2,"x":50,"y":0,"w":40,"h":96},{"label":2,"x":12,"y":0,"w":47,"h":96}]},{"sampleId":800172462,"boundingBoxes":[{"label":2,"x":19,"y":0,"w":59,"h":96}]},{"sampleId":800172458,"boundingBoxes":[{"label":2,"x":11,"y":0,"w":70,"h":96}]},{"sampleId":800172456,"boundingBoxes":[{"label":2,"x":0,"y":1,"w":96,"h":93}]},{"sampleId":800172454,"boundingBoxes":[{"label":2,"x":13,"y":5,"w":68,"h":85}]},{"sampleId":800172452,"boundingBoxes":[{"label":2,"x":19,"y":12,"w":55,"h":83}]},{"sampleId":800172448,"boundingBoxes":[{"label":2,"x":18,"y":1,"w":45,"h":95},{"label":2,"x":37,"y":0,"w":40,"h":94}]},{"sampleId":800172446,"boundingBoxes":[{"label":2,"x":0,"y":3,"w":96,"h":85}]},{"sampleId":800172444,"boundingBoxes":[{"label":2,"x":7,"y":0,"w":72,"h":96}]},{"sampleId":800172442,"boundingBoxes":[{"label":2,"x":0,"y":4,"w":70,"h":91},{"label":2,"x":56,"y":1,"w":40,"h":94}]},{"sampleId":800172438,"boundingBoxes":[{"label":2,"x":14,"y":7,"w":68,"h":83}]},{"sampleId":800172436,"boundingBoxes":[{"label":2,"x":25,"y":0,"w":37,"h":96}]},{"sampleId":800172434,"boundingBoxes":[{"label":2,"x":18,"y":4,"w":70,"h":91}]},{"sampleId":800172432,"boundingBoxes":[{"label":2,"x":38,"y":3,"w":29,"h":87}]},{"sampleId":800172428,"boundingBoxes":[{"label":2,"x":11,"y":0,"w":62,"h":96}]},{"sampleId":800172426,"boundingBoxes":[{"label":2,"x":32,"y":0,"w":43,"h":96}]},{"sampleId":800172424,"boundingBoxes":[{"label":2,"x":21,"y":0,"w":58,"h":96}]},{"sampleId":800172422,"boundingBoxes":[{"label":2,"x":17,"y":3,"w":62,"h":92}]},{"sampleId":800172418,"boundingBoxes":[{"label":2,"x":15,"y":3,"w":61,"h":83}]},{"sampleId":800172416,"boundingBoxes":[{"label":2,"x":6,"y":16,"w":80,"h":74}]},{"sampleId":800172414,"boundingBoxes":[{"label":2,"x":26,"y":0,"w":44,"h":96}]},{"sampleId":800172412,"boundingBoxes":[{"label":2,"x":11,"y":8,"w":77,"h":86}]},{"sampleId":800172408,"boundingBoxes":[{"label":2,"x":17,"y":4,"w":59,"h":87}]},{"sampleId":800172406,"boundingBoxes":[{"label":2,"x":0,"y":0,"w":95,"h":96}]},{"sampleId":800172404,"boundingBoxes":[{"label":2,"x":26,"y":0,"w":44,"h":96}]},{"sampleId":800172402,"boundingBoxes":[{"label":2,"x":13,"y":0,"w":68,"h":96}]},{"sampleId":800172398,"boundingBoxes":[{"label":2,"x":0,"y":0,"w":96,"h":94}]},{"sampleId":800172396,"boundingBoxes":[{"label":2,"x":30,"y":6,"w":32,"h":85}]},{"sampleId":800172394,"boundingBoxes":[{"label":2,"x":32,"y":1,"w":29,"h":94}]},{"sampleId":800172391,"boundingBoxes":[{"label":2,"x":24,"y":0,"w":52,"h":96}]},{"sampleId":800172389,"boundingBoxes":[{"label":2,"x":24,"y":0,"w":45,"h":96}]},{"sampleId":800172387,"boundingBoxes":[{"label":2,"x":28,"y":0,"w":36,"h":96}]},{"sampleId":800172383,"boundingBoxes":[{"label":2,"x":0,"y":4,"w":84,"h":87}]},{"sampleId":800172381,"boundingBoxes":[{"label":2,"x":31,"y":0,"w":33,"h":96}]},{"sampleId":800172379,"boundingBoxes":[{"label":2,"x":22,"y":0,"w":49,"h":96}]},{"sampleId":800172377,"boundingBoxes":[{"label":2,"x":38,"y":5,"w":25,"h":80}]},{"sampleId":800172373,"boundingBoxes":[{"label":2,"x":8,"y":0,"w":71,"h":96}]},{"sampleId":800172371,"boundingBoxes":[{"label":2,"x":26,"y":0,"w":40,"h":96}]},{"sampleId":800172369,"boundingBoxes":[{"label":2,"x":23,"y":0,"w":49,"h":95}]},{"sampleId":800172367,"boundingBoxes":[{"label":2,"x":35,"y":3,"w":23,"h":87}]},{"sampleId":800172363,"boundingBoxes":[{"label":2,"x":32,"y":6,"w":28,"h":78}]},{"sampleId":800172361,"boundingBoxes":[{"label":2,"x":20,"y":0,"w":60,"h":96}]},{"sampleId":800172359,"boundingBoxes":[{"label":2,"x":35,"y":1,"w":23,"h":93}]},{"sampleId":800172357,"boundingBoxes":[{"label":2,"x":31,"y":10,"w":29,"h":80}]},{"sampleId":800172353,"boundingBoxes":[{"label":2,"x":33,"y":0,"w":41,"h":96}]},{"sampleId":800172351,"boundingBoxes":[{"label":2,"x":25,"y":0,"w":43,"h":96}]},{"sampleId":800172349,"boundingBoxes":[{"label":2,"x":1,"y":0,"w":93,"h":96}]}]}